satellite,cloud,openWater,lightNearShoreSediment,offShoreSediment,darkNearShoreSediment,GTB_accuracy,GTB_kappa
Landsat 5,0.9463087248322147,0.8842105263157896,0.6371681415929203,0.44000000000000006,0.6122448979591837,0.7944862155388471,0.7263466042154568
