satellite,cloud,openWater,lightNearShoreSediment,offShoreSediment,darkNearShoreSediment,GTB_accuracy,GTB_kappa
Landsat 9,0.9885057471264368,NaN,0.732394366197183,0.6428571428571429,0.721311475409836,0.7936507936507936,0.7187258521507682
