satellite,cloud,openWater,lightNearShoreSediment,offShoreSediment,darkNearShoreSediment,GTB_accuracy,GTB_kappa
Landsat 7,0.8592057761732852,0.8546255506607929,0.7476635514018691,0.4285714285714286,0.4533333333333333,0.7402597402597403,0.6642218171026413
