satellite,cloud,openWater,lightNearShoreSediment,offShoreSediment,darkNearShoreSediment,GTB_accuracy,GTB_kappa
Landsat 8,1,0.7761194029850746,0.5576923076923077,0.40579710144927533,0.8333333333333333,0.7653846153846153,0.6995073891625615
